Feature_1,Feature_2,Correlation
perimeter_mean,radius_mean,0.9978552814938109
area_mean,radius_mean,0.9873571700566127
area_mean,perimeter_mean,0.9865068039913907
concave points_mean,concavity_mean,0.9213910263788588
perimeter_se,radius_se,0.9727936770160764
area_se,radius_se,0.951830112110991
area_se,perimeter_se,0.9376554069544157
radius_worst,radius_mean,0.9695389726112055
radius_worst,perimeter_mean,0.9694763634663146
radius_worst,area_mean,0.9627460860470841
texture_worst,texture_mean,0.912044588840421
perimeter_worst,radius_mean,0.9651365139559871
perimeter_worst,perimeter_mean,0.9703868870426394
perimeter_worst,area_mean,0.9591195743552645
perimeter_worst,radius_worst,0.993707916102949
area_worst,radius_mean,0.9410824595860461
area_worst,perimeter_mean,0.9415498080023068
area_worst,area_mean,0.9592133256498998
area_worst,radius_worst,0.9840145644590742
area_worst,perimeter_worst,0.9775780914063871
concave points_worst,concave points_mean,0.9101553142985918
